{
  "best_model": "CatBoost",
  "selection_criteria": "highest_roc_auc",
  "test_metrics": {
    "roc_auc": 0.9874142814839372,
    "avg_precision": 0.9966069802732489,
    "accuracy": 0.9456903539583896,
    "precision": 0.9604635310156783,
    "recall": 0.9707199448846021,
    "f1": 0.965564502312832,
    "tn": 682,
    "fp": 116,
    "fn": 85,
    "tp": 2818,
    "train_time": 30.705455780029297
  },
  "training_timestamp": "2025-09-23 19:51:41",
  "total_training_time_minutes": 1.231634553273519
}